asdf_id,viirs_ntl_annual_v20_avg_masked.2020.sum,viirs_ntl_annual_v20_avg_masked.2012.sum,worldpop_pop_count_1km_mosaic.2020.sum,worldpop_pop_count_1km_mosaic.2012.sum,Level,gqid,id,shapeGroup,shapeID,shapeName,shapeType
0,535.0494384765625,327.7335510253906,8817.60839844,7926.47070312,,0,0,CHL,CHL-ADM3-31136180B50538386,Marchigüe,ADM3
1,1300.517822265625,668.5069580078125,15627.5195312,13321.3798828,,1,1,CHL,CHL-ADM3-31136180B54262267,Codegua,ADM3
2,702.6624755859375,276.2059326171875,8419.09960938,7467.12548828,,2,2,CHL,CHL-ADM3-31136180B4849223,Coinco,ADM3
3,1161.2366943359375,663.4166870117188,19332.046875,17949.375,,3,3,CHL,CHL-ADM3-31136180B94556136,Coltauco,ADM3
4,174.52333068847656,145.6367645263672,11977.5244141,11109.3164062,,4,4,CHL,CHL-ADM3-31136180B14840627,Cholchol,ADM3
5,388.66021728515625,180.77334594726562,19397.0449219,19091.6445312,,5,5,CHL,CHL-ADM3-31136180B11933338,Cunco,ADM3
6,920.0420532226562,618.9093017578125,28071.6464844,27161.2695312,,6,6,CHL,CHL-ADM3-31136180B38398061,Freire,ADM3
7,148.90496826171875,91.55895233154297,9586.15625,10792.1669922,,7,7,CHL,CHL-ADM3-31136180B97044930,Galvarino,ADM3
8,1841.92431640625,1414.2427978515625,36732.3125,31498.765625,,8,8,CHL,CHL-ADM3-31136180B79139282,Graneros,ADM3
9,1182.777587890625,730.4105224609375,15447.0927734,14357.5986328,,9,9,CHL,CHL-ADM3-31136180B87090592,Malloa,ADM3
10,632.232177734375,394.1648254394531,35373.5898438,32810.9960938,,10,10,CHL,CHL-ADM3-31136180B46531732,Nueva Imperial,ADM3
11,400.62237548828125,205.45205688476562,7657.67578125,7104.43066406,,11,11,CHL,CHL-ADM3-31136180B49640287,Perquenco,ADM3
12,696.7337646484375,525.6597290039062,25942.7929688,23951.6777344,,12,12,CHL,CHL-ADM3-31136180B68903080,Pitrufquén,ADM3
13,10736.2822265625,9143.994140625,388629.9375,315319.90625,,13,13,CHL,CHL-ADM3-31136180B48470974,Temuco,ADM3
14,272.1949462890625,117.44366455078125,16110.8359375,15845.21875,,14,14,CHL,CHL-ADM3-31136180B71580737,Teodoro Schmidt,ADM3
15,907.6637573242188,459.1629333496094,27119.4648438,24789.4882812,,15,15,CHL,CHL-ADM3-31136180B97015396,Vilcún,ADM3
16,2285.9365234375,1551.56494140625,54003.3867188,51709.5703125,,16,16,CHL,CHL-ADM3-31136180B21221108,Angol,ADM3
17,2010.864501953125,1448.70458984375,20641.7167969,21403.9667969,,17,17,CHL,CHL-ADM3-31136180B803763,Collipulli,ADM3
18,705.2052612304688,274.1778869628906,13944.2158203,15218.1464844,,18,18,CHL,CHL-ADM3-31136180B88754374,Curacautín,ADM3
19,500.32855224609375,252.516845703125,9225.19726562,9067.17382812,,19,19,CHL,CHL-ADM3-31136180B80648643,Ercilla,ADM3
20,352.93157958984375,301.5366516113281,5252.85205078,6188.32128906,,20,20,CHL,CHL-ADM3-31136180B10276857,Los Sauces,ADM3
21,311.42181396484375,176.60723876953125,9206.078125,10144.2558594,,21,21,CHL,CHL-ADM3-31136180B10660337,Lumaco,ADM3
22,323.5552062988281,258.4345397949219,10222.4980469,11302.703125,,22,22,CHL,CHL-ADM3-31136180B41566149,Purén,ADM3
23,461.57421875,210.3030548095703,8832.36914062,8897.91210938,,23,23,CHL,CHL-ADM3-31136180B37300568,Renaico,ADM3
24,713.7238159179688,536.5980224609375,16615.3964844,17866.1601562,,24,24,CHL,CHL-ADM3-31136180B41220193,Traiguén,ADM3
25,1493.583740234375,794.921142578125,32342.4355469,32853.3242188,,25,25,CHL,CHL-ADM3-31136180B81133483,Victoria,ADM3
26,4177.357421875,3741.21875,62869.9492188,75375.109375,,26,26,CHL,CHL-ADM3-31136180B25416257,San Joaquín,ADM3
27,656.0447998046875,425.99725341796875,17083.6738281,15610.6738281,,27,27,CHL,CHL-ADM3-31136180B27678881,Peumo,ADM3
28,1173.49951171875,606.873291015625,21134.0820312,19531.5449219,,28,28,CHL,CHL-ADM3-31136180B11160085,Pichidegua,ADM3
29,470.3103332519531,250.27442932128906,8066.74511719,9012.80859375,,29,29,CHL,CHL-ADM3-31136180B83944921,San Pablo,ADM3
30,1589.6683349609375,916.9962768554688,38696.484375,39241.7734375,,30,30,CHL,CHL-ADM3-31136180B35354558,La Unión,ADM3
31,619.6934204101562,495.59161376953125,23699.2421875,22100.8222656,,31,31,CHL,CHL-ADM3-31136180B99190225,Los Lagos,ADM3
32,244.03587341308594,125.46212768554688,6929.96240234,7089.64257812,,32,32,CHL,CHL-ADM3-31136180B24240960,Máfil,ADM3
33,749.8046264648438,617.6681518554688,20762.140625,20097.3359375,,33,33,CHL,CHL-ADM3-31136180B15693729,Paillaco,ADM3
34,478.7791442871094,298.2920227050781,8828.43457031,9813.66601562,,34,34,CHL,CHL-ADM3-31136180B94694792,Curepto,ADM3
35,172.4254913330078,96.96781158447266,3899.97021484,4077.49560547,,35,35,CHL,CHL-ADM3-31136180B74007650,Empedrado,ADM3
36,3405.4345703125,2454.18310546875,65406.9375,73218.078125,,36,36,CHL,CHL-ADM3-31136180B64893171,San Miguel,ADM3
37,553.9779052734375,189.27694702148438,10542.4960938,9562.31445312,,37,37,CHL,CHL-ADM3-31136180B39049316,Pencahue,ADM3
38,15091.0166015625,11451.99609375,286201.34375,250612.546875,,38,38,CHL,CHL-ADM3-31136180B20245953,Rancagua,ADM3
39,3245.6337890625,1836.5185546875,31857.9453125,27412.7519531,,39,39,CHL,CHL-ADM3-31136180B32575138,Requínoa,ADM3
40,2458.875244140625,1754.5260009765625,32755.234375,27344.5234375,,40,40,CHL,CHL-ADM3-31136180B47852287,Mostazal,ADM3
41,2484.0771484375,1513.20166015625,55747.8828125,48166.84375,,41,41,CHL,CHL-ADM3-31136180B23417950,San Vicente,ADM3
42,1194.47216796875,666.9130859375,19526.6777344,17697.8261719,,42,42,CHL,CHL-ADM3-31136180B91281518,Nancagua,ADM3
43,866.7315063476562,364.96484375,11497.8154297,10701.3046875,,43,43,CHL,CHL-ADM3-31136180B79623790,Peralillo,ADM3
44,684.61669921875,313.62322998046875,9126.83203125,8655.92578125,,44,44,CHL,CHL-ADM3-31136180B82169225,Placilla,ADM3
45,288.0506896972656,118.89395141601562,2862.13085938,3098.69750977,,45,45,CHL,CHL-ADM3-31136180B34307885,Pumanque,ADM3
46,1247.8662109375,1331.68017578125,7021.14208984,8294.85253906,,46,46,CHL,CHL-ADM3-31136180B39583347,Andacollo,ADM3
47,1926.983642578125,1613.8555908203125,72195.015625,80073.8203125,,47,47,CHL,CHL-ADM3-31136180B67024307,San Ramón,ADM3
48,690.6868286132812,320.0918884277344,15849.3916016,15570.5283203,,48,48,CHL,CHL-ADM3-31136180B28753338,Gorbea,ADM3
49,1985.64794921875,1180.3907470703125,40728.640625,36727.9921875,,49,49,CHL,CHL-ADM3-31136180B80590692,Lautaro,ADM3
50,117.1163558959961,62.531890869140625,3400.97509766,3408.77929688,,50,50,CHL,CHL-ADM3-31136180B30868465,Puqueldón,ADM3
51,242.8216552734375,236.03504943847656,11863.8417969,12291.2109375,,51,51,CHL,CHL-ADM3-31136180B17117721,Fresia,ADM3
52,765.9400634765625,393.04986572265625,21024.4003906,18749.2050781,,52,52,CHL,CHL-ADM3-31136180B37858525,Llanquihue,ADM3
53,7412.833984375,5687.1435546875,187711.6875,167339.59375,,53,53,CHL,CHL-ADM3-31136180B49984507,Osorno,ADM3
54,749.0115966796875,479.18658447265625,20660.2539062,20641.9121094,,54,54,CHL,CHL-ADM3-31136180B87563953,Purranque,ADM3
55,32.936614990234375,7.803778171539307,579.49786377,615.357543945,,55,55,CHL,CHL-ADM3-31136180B35640253,Laguna Blanca,ADM3
56,3017.01416015625,2569.8212890625,41625.6796875,51338.5703125,,56,56,CHL,CHL-ADM3-31136180B70269391,Independencia,ADM3
57,1062.02783203125,561.024658203125,9979.55664062,8263.203125,,57,57,CHL,CHL-ADM3-31136180B35435549,Rinconada,ADM3
58,972.7430419921875,735.2194213867188,23571.4179688,21364.7226562,,58,58,CHL,CHL-ADM3-31136180B66357601,Cabildo,ADM3
59,481.98712158203125,439.12359619140625,10174.6523438,9834.125,,59,59,CHL,CHL-ADM3-31136180B71540041,Petorca,ADM3
60,2544.76513671875,2006.272216796875,67046.203125,77229.296875,,60,60,CHL,CHL-ADM3-31136180B94327444,La Cisterna,ADM3
61,694.6298828125,346.41680908203125,8925.08203125,7866.83886719,,61,61,CHL,CHL-ADM3-31136180B7969939,Panquehue,ADM3
62,1015.4810791015625,794.489501953125,36896.0,34264.515625,,62,62,CHL,CHL-ADM3-31136180B29236520,Cañete,ADM3
63,164.50045776367188,129.5911865234375,4401.90625,5017.18164062,,63,63,CHL,CHL-ADM3-31136180B45607049,Contulmo,ADM3
64,1547.28369140625,535.861572265625,29184.9375,30292.1738281,,64,64,CHL,CHL-ADM3-31136180B89277321,Curanilahue,ADM3
65,925.076171875,745.2949829101562,25793.046875,25056.6367188,,65,65,CHL,CHL-ADM3-31136180B53899768,Lebu,ADM3
66,951.4121704101562,353.4952087402344,24079.9375,21486.2148438,,66,66,CHL,CHL-ADM3-31136180B86942717,Los Alamos,ADM3
67,8144.8125,7047.6025390625,282643.625,248415.03125,,67,67,CHL,CHL-ADM3-31136180B67400941,Peñalolén,ADM3
68,958.1282348632812,564.099853515625,18724.0742188,16429.4179688,,68,68,CHL,CHL-ADM3-31136180B86023520,Olmué,ADM3
69,1427.9757080078125,1656.1041259765625,35904.6054688,25099.7382812,,69,69,CHL,CHL-ADM3-31136180B30333056,Cartagena,ADM3
70,970.6242065429688,648.5770263671875,14916.2490234,13563.9814453,,70,70,CHL,CHL-ADM3-31136180B55605587,Catemu,ADM3
71,1874.370849609375,1081.0723876953125,26046.4628906,23935.7890625,,71,71,CHL,CHL-ADM3-31136180B21836790,Llaillay,ADM3
72,4188.181640625,4284.83984375,94011.046875,79154.3125,,72,72,CHL,CHL-ADM3-31136180B70850057,San Felipe,ADM3
73,1111.2603759765625,666.9761352539062,17621.8789062,15490.2021484,,73,73,CHL,CHL-ADM3-31136180B50730247,Santa María,ADM3
74,4716.05908203125,6067.8115234375,182922.28125,136156.9375,,74,74,CHL,CHL-ADM3-31136180B24814376,Villa Alemana,ADM3
75,1572.596923828125,1369.89404296875,18596.6308594,20055.3945312,,75,75,CHL,CHL-ADM3-31136180B94856574,Laja,ADM3
76,12766.5087890625,8172.72900390625,247086.796875,207336.9375,,76,76,CHL,CHL-ADM3-31136180B97990392,Los Angeles,ADM3
77,1327.2197265625,1009.287841796875,27981.6640625,28498.5625,,77,77,CHL,CHL-ADM3-31136180B37408977,Mulchén,ADM3
78,2214.88818359375,1870.957763671875,26370.1289062,26285.3007812,,78,78,CHL,CHL-ADM3-31136180B39870910,Nacimiento,ADM3
79,4389.33935546875,3314.589111328125,100510.234375,92500.828125,,79,79,CHL,CHL-ADM3-31136180B12086912,Linares,ADM3
80,896.9872436523438,525.334716796875,29531.4414062,28914.1191406,,80,80,CHL,CHL-ADM3-31136180B36232833,Longaví,ADM3
81,6390.00634765625,6822.5625,131366.96875,125754.6875,,81,81,CHL,CHL-ADM3-31136180B13185632,Providencia,ADM3
82,610.7692260742188,371.59490966796875,9336.38671875,8934.88671875,,82,82,CHL,CHL-ADM3-31136180B62713646,Negrete,ADM3
83,228.61424255371094,383.11712646484375,3987.01733398,4117.79394531,,83,83,CHL,CHL-ADM3-31136180B39958933,Quilaco,ADM3
84,486.7624816894531,260.4105224609375,10535.9707031,10482.578125,,84,84,CHL,CHL-ADM3-31136180B73791121,Quilleco,ADM3
85,4969.462890625,3767.119873046875,101956.929688,100896.0625,,85,85,CHL,CHL-ADM3-31136180B74309256,La Reina,ADM3
86,248.64425659179688,105.14117431640625,1806.87475586,2086.15600586,,86,86,CHL,CHL-ADM3-31136180B29193494,Río Ibáñez,ADM3
87,124.59627532958984,120.83161163330078,3301.94995117,3649.09106445,,87,87,CHL,CHL-ADM3-31136180B47768853,San Rosendo,ADM3
88,575.6090698242188,323.0989990234375,14393.8007812,13621.9990234,,88,88,CHL,CHL-ADM3-31136180B30095830,Tucapel,ADM3
89,2521.370849609375,1345.0621337890625,46445.1640625,32046.7285156,,89,89,CHL,CHL-ADM3-31136180B65678604,Calera de Tango,ADM3
90,496.54236602783203,311.6791477203369,6400.29003906,5435.52880859,,90,90,CHL,CHL-ADM3-31136180B92996137,Chile Chico,ADM3
91,112.22405242919922,13.233031749725342,1729.92858887,1184.9440918,,91,91,CHL,CHL-ADM3-31136180B25452917,Torres del Paine,ADM3
92,1853.2779235839844,1415.1749877929688,866.824951172,729.292907715,,92,92,CHL,CHL-ADM3-31136180B61495342,Primavera,ADM3
93,3149.3740234375,2285.95849609375,188312.5625,129094.21875,,93,93,CHL,CHL-ADM3-31136180B91377127,Chiguayante,ADM3
94,10087.416015625,7878.927734375,244527.875,230474.515625,,94,94,CHL,CHL-ADM3-31136180B76552618,Concepción,ADM3
95,9261.0791015625,5437.9072265625,120024.625,105187.421875,,95,95,CHL,CHL-ADM3-31136180B82328439,Coronel,ADM3
96,1144.8787841796875,227.567138671875,9600.56054688,9815.7109375,,96,96,CHL,CHL-ADM3-31136180B14460146,Florida,ADM3
97,1288.12255859375,715.928466796875,30440.1777344,24834.9726562,,97,97,CHL,CHL-ADM3-31136180B44935527,Hualqui,ADM3
98,1232.3658447265625,832.298583984375,41237.9296875,42097.078125,,98,98,CHL,CHL-ADM3-31136180B53352468,Lota,ADM3
99,5533.43359375,4192.39697265625,117798.203125,98718.796875,,99,99,CHL,CHL-ADM3-31136180B97608126,San Pedro de la Paz,ADM3
100,653.3056640625,423.69140625,14278.5058594,13567.1015625,,100,100,CHL,CHL-ADM3-31136180B1857256,Santa Juana,ADM3
101,1212.6060028076172,1643.739990234375,658.099914551,1028.89111328,,101,101,CHL,CHL-ADM3-31136180B60057327,San Gregorio,ADM3
102,679.0985717773438,303.2084045410156,5513.38134766,5385.24658203,,102,102,CHL,CHL-ADM3-31136180B69137952,Porvenir,ADM3
103,123.00547790527344,58.50190734863281,763.70300293,939.301513672,,103,103,CHL,CHL-ADM3-31136180B17758288,Camiña,ADM3
104,77.29203796386719,9.360391616821289,1531.03588867,1566.05395508,,104,104,CHL,CHL-ADM3-31136180B47592006,Colchane,ADM3
105,270.78424072265625,125.65973663330078,864.474060059,1248.00524902,,105,105,CHL,CHL-ADM3-31136180B11117055,Putre,ADM3
106,4752.170314788818,3222.4826049804688,1756.14123535,3330.17114258,,106,106,CHL,CHL-ADM3-31136180B27563225,María Elena,ADM3
107,12180.640625,7541.97216796875,302179.65625,251836.3125,,107,107,CHL,CHL-ADM3-31136180B17847125,Talca,ADM3
108,14712.5322265625,9260.861328125,173714.46875,121790.710938,,108,108,CHL,CHL-ADM3-31136180B55278001,Colina,ADM3
109,9235.7470703125,9296.8359375,137559.3125,163054.375,,109,109,CHL,CHL-ADM3-31136180B66120579,Santiago,ADM3
110,20950.095280647278,21201.52862548828,162298.84375,151182.703125,,110,110,CHL,CHL-ADM3-31136180B31150566,Calama,ADM3
111,9070.947265625,5831.91650390625,111186.125,71604.6171875,,111,111,CHL,CHL-ADM3-31136180B25262010,Lampa,ADM3
112,3081.638427734375,1377.5926513671875,48037.6875,33949.109375,,112,112,CHL,CHL-ADM3-31136180B70146239,Pirque,ADM3
113,1309.4273681640625,799.97900390625,23059.5859375,21941.6328125,,113,113,CHL,CHL-ADM3-31136180B46593587,Bulnes,ADM3
114,1734.06884765625,1345.1317138671875,44851.8632812,34150.6953125,,114,114,CHL,CHL-ADM3-31136180B87166600,Chillán Viejo,ADM3
115,9791.08203125,5861.9453125,195628.015625,178524.03125,,115,115,CHL,CHL-ADM3-31136180B62549772,Chillán,ADM3
116,1526.9169921875,593.3414916992188,20722.6386719,20556.9101562,,116,116,CHL,CHL-ADM3-31136180B80688149,Yumbel,ADM3
117,529.1385498046875,274.8906555175781,13215.1621094,11868.7763672,,117,117,CHL,CHL-ADM3-31136180B92053578,Lonquimay,ADM3
118,20016.10546875,16097.9111328125,1094625.125,760799.0,,118,118,CHL,CHL-ADM3-31136180B80333037,Puente Alto,ADM3
119,6117.85888671875,4674.01171875,103940.117188,91209.703125,,119,119,CHL,CHL-ADM3-31136180B80215840,Huechuraba,ADM3
120,1074.890625,683.3211059570312,20525.2539062,18796.3867188,,120,120,CHL,CHL-ADM3-31136180B77377565,Yungay,ADM3
121,2794.388916015625,1635.5966796875,37089.7734375,31362.53125,,121,121,CHL,CHL-ADM3-31136180B74486510,Cabrero,ADM3
122,295.578857421875,170.5685272216797,3634.78466797,3784.52880859,,122,122,CHL,CHL-ADM3-31136180B40110196,Antuco,ADM3
123,943.4569702148438,475.4591979980469,15941.5986328,15569.2460938,,123,123,CHL,CHL-ADM3-31136180B82363449,Quillón,ADM3
124,94.46343994140625,38.568050384521484,13094.3779297,10698.6015625,,124,124,CHL,CHL-ADM3-31136180B35250096,Alto Biobío,ADM3
125,17423.7734375,12285.12890625,421889.6875,338545.75,,125,125,CHL,CHL-ADM3-31136180B34415846,San Bernardo,ADM3
126,2696.330078125,1386.486572265625,37570.984375,30949.546875,,126,126,CHL,CHL-ADM3-31136180B38098663,Curacaví,ADM3
127,914.9896240234375,419.3031005859375,13694.7792969,12110.7792969,,127,127,CHL,CHL-ADM3-31136180B341400,María Pinto,ADM3
128,5602.60498046875,4842.076171875,89508.328125,83770.4453125,,128,128,CHL,CHL-ADM3-31136180B50022012,Cerrillos,ADM3
129,385.2024230957031,369.456787109375,25546.5234375,25665.8847656,,129,129,CHL,CHL-ADM3-31136180B15089825,Carahue,ADM3
130,223.8206024169922,96.53059387207031,9159.27539062,9960.12304688,,130,130,CHL,CHL-ADM3-31136180B25196250,Toltén,ADM3
131,904.8235473632812,714.4561767578125,20967.0253906,21894.2070312,,131,131,CHL,CHL-ADM3-31136180B91422014,Loncoche,ADM3
132,603.4116821289062,371.9189147949219,18428.7519531,16879.6328125,,132,132,CHL,CHL-ADM3-31136180B75919782,Lanco,ADM3
133,2259.176513671875,2405.2568359375,111653.304688,121196.570312,,133,133,CHL,CHL-ADM3-31136180B8152083,Cerro Navia,ADM3
134,6321.1259765625,5791.33056640625,83611.0078125,83122.421875,,134,134,CHL,CHL-ADM3-31136180B376620,Vitacura,ADM3
135,3490.779541015625,3434.19580078125,84944.0078125,101612.140625,,135,135,CHL,CHL-ADM3-31136180B96832800,Conchalí,ADM3
136,3598.24169921875,3361.177001953125,157868.828125,162626.671875,,136,136,CHL,CHL-ADM3-31136180B2880955,El Bosque,ADM3
137,58.03146004676819,160.75405883789062,367.40045166,360.981323242,,137,137,CHL,CHL-ADM3-31136180B85162848,Río Verde,ADM3
138,10716.869643807411,9006.612622261047,124626.869385,119752.744629,,138,138,CHL,CHL-ADM3-31136180B81779836,Punta Arenas,ADM3
139,5245.572265625,5029.8203125,103677.234375,115599.695312,,139,139,CHL,CHL-ADM3-31136180B14245653,Estación Central,ADM3
140,121.583984375,76.59007263183594,8863.24609375,7895.39697266,,140,140,CHL,CHL-ADM3-31136180B54289397,Curarrehue,ADM3
141,1169.9417724609375,451.222900390625,37449.3632812,35514.6992188,,141,141,CHL,CHL-ADM3-31136180B95729318,Panguipulli,ADM3
142,453.4516296386719,297.1898193359375,11200.6513672,11270.1933594,,142,142,CHL,CHL-ADM3-31136180B85775796,Puyehue,ADM3
143,833.2158813476562,514.0564575195312,29794.9824219,30733.7421875,,143,143,CHL,CHL-ADM3-31136180B88115568,Río Bueno,ADM3
144,12360.423828125,10363.263671875,454048.21875,410979.375,,144,144,CHL,CHL-ADM3-31136180B63396441,La Florida,ADM3
145,3770.15234375,3314.49560546875,117494.632812,124825.976562,,145,145,CHL,CHL-ADM3-31136180B32398153,La Granja,ADM3
146,6203.97216796875,4940.1376953125,227921.90625,209437.71875,,146,146,CHL,CHL-ADM3-31136180B57644460,La Pintana,ADM3
147,111.48839569091797,45.54914093017578,4457.96923828,4583.90527344,,147,147,CHL,CHL-ADM3-31136180B40110054,Cochamó,ADM3
148,132.01451408863068,18.280744314193726,870.186035156,971.686706543,,148,148,CHL,CHL-ADM3-31136180B60855811,Lago Verde,ADM3
149,2660.44770359993,1544.7121136188507,69278.3828125,59685.3632812,,149,149,CHL,CHL-ADM3-31136180B80209132,Coyhaique,ADM3
150,342.867014169693,49.509541511535645,6299.69067383,5937.84094238,,150,150,CHL,CHL-ADM3-31136180B86984306,Cisnes,ADM3
151,NA,NA,769.150354624,630.991304263,,151,151,CHL,CHL-ADM3-31136180B99302286,Tortel,ADM3
152,2058.378126144409,1132.005126953125,24838.7492943,21683.0084801,,152,152,CHL,CHL-ADM3-31136180B61500441,Natales,ADM3
153,74.2454833984375,22.1080265045166,1226.68164062,823.649841309,,153,153,CHL,CHL-ADM3-31136180B78316018,O'Higgins,ADM3
154,318.2676811218262,211.15298080444336,2718.73217773,2741.65136719,,154,154,CHL,CHL-ADM3-31136180B16796502,Cochrane,ADM3
155,12332.533203125,11882.6279296875,327365.5,287860.625,,155,155,CHL,CHL-ADM3-31136180B67635694,Las Condes,ADM3
156,11643.2529296875,9947.2119140625,167227.140625,117926.054688,,156,156,CHL,CHL-ADM3-31136180B92183996,Lo Barnechea,ADM3
157,2446.985107421875,2177.496826171875,81066.90625,90783.640625,,157,157,CHL,CHL-ADM3-31136180B23989760,Lo Espejo,ADM3
158,2508.59326171875,2469.3125,75603.7890625,84688.359375,,158,158,CHL,CHL-ADM3-31136180B48705077,Lo Prado,ADM3
159,5192.162109375,4172.1513671875,88772.703125,99016.25,,159,159,CHL,CHL-ADM3-31136180B52596129,Macul,ADM3
160,849.3380737304688,550.761962890625,41210.0234375,39142.4453125,,160,160,CHL,CHL-ADM3-31136180B82285577,Ancud,ADM3
161,838.2728271484375,410.6139221191406,45138.4179688,30993.1894531,,161,161,CHL,CHL-ADM3-31136180B44824781,Quellón,ADM3
162,176.6616973876953,50.9078483581543,4565.08203125,4499.3984375,,162,162,CHL,CHL-ADM3-31136180B70910936,Queilén,ADM3
163,359.3204650878906,260.78326416015625,17108.7441406,14473.8027344,,163,163,CHL,CHL-ADM3-31136180B23402159,Chonchi,ADM3
164,13173.900390625,7430.744140625,330631.03125,246207.03125,,164,164,CHL,CHL-ADM3-31136180B38068755,Puerto Montt,ADM3
165,565.6842041015625,267.982666015625,12010.0234375,13266.5615234,,165,165,CHL,CHL-ADM3-31136180B10817751,Río Negro,ADM3
166,1622.153564453125,1136.052978515625,68494.7578125,51924.0,,166,166,CHL,CHL-ADM3-31136180B19438436,Castro,ADM3
167,609.4766845703125,272.40606689453125,21502.6601562,15426.9990234,,167,167,CHL,CHL-ADM3-31136180B47583046,Dalcahue,ADM3
168,215.86602783203125,97.07736206054688,8524.89355469,8138.78710938,,168,168,CHL,CHL-ADM3-31136180B8371293,Quemchi,ADM3
169,278.6297607421875,149.49331665039062,12377.9082031,12926.2832031,,169,169,CHL,CHL-ADM3-31136180B66672195,Saavedra,ADM3
170,21453.455078125,19651.9375,1527026.375,894348.75,,170,170,CHL,CHL-ADM3-31136180B64499952,Maipú,ADM3
171,7669.1220703125,7064.8154296875,131107.25,144552.0625,,171,171,CHL,CHL-ADM3-31136180B73756786,Ñuñoa,ADM3
172,2695.418701171875,2228.79443359375,70511.2734375,84631.703125,,172,172,CHL,CHL-ADM3-31136180B29238052,Pedro Aguirre Cerda,ADM3
173,280.8213806152344,68.17662048339844,12119.3222656,10820.4335938,,173,173,CHL,CHL-ADM3-31136180B67936121,Tirúa,ADM3
174,6859.44873046875,5194.73828125,86994.390625,84836.7578125,,174,174,CHL,CHL-ADM3-31136180B90375279,Hualpén,ADM3
175,10228.5849609375,12456.4599609375,167604.109375,163474.3125,,175,175,CHL,CHL-ADM3-31136180B46089075,Talcahuano,ADM3
176,3080.5361328125,1767.5040283203125,58718.71875,50628.25,,176,176,CHL,CHL-ADM3-31136180B11380878,Penco,ADM3
177,237.60208129882812,115.26605987548828,9689.90625,9527.16601562,,177,177,CHL,CHL-ADM3-31136180B7073618,Chanco,ADM3
178,323.0013427734375,197.1090087890625,8764.83105469,7258.71972656,,178,178,CHL,CHL-ADM3-31136180B39141646,Pelluhue,ADM3
179,2515.210205078125,1596.596435546875,63280.6328125,53756.4179688,,179,179,CHL,CHL-ADM3-31136180B17222159,Constitución,ADM3
180,788.6653442382812,381.8276062011719,8033.34619141,7414.65722656,,180,180,CHL,CHL-ADM3-31136180B20396997,Licantén,ADM3
181,131.0852813720703,68.89773559570312,4978.00244141,4909.79003906,,181,181,CHL,CHL-ADM3-31136180B83246231,Vichuquén,ADM3
182,366.2991943359375,203.91253662109375,6814.09472656,6669.078125,,182,182,CHL,CHL-ADM3-31136180B45491927,Paredones,ADM3
183,19800.927734375,12574.8564453125,400461.03125,297103.625,,183,183,CHL,CHL-ADM3-31136180B86352345,Pudahuel,ADM3
184,12807.4423828125,9615.7587890625,364716.375,228690.9375,,184,184,CHL,CHL-ADM3-31136180B1722173,Quilicura,ADM3
185,977.505126953125,618.9659423828125,17124.984375,14464.4443359,,185,185,CHL,CHL-ADM3-31136180B54677456,Pichilemu,ADM3
186,537.0804443359375,179.81875610351562,5730.73925781,5664.72753906,,186,186,CHL,CHL-ADM3-31136180B66935975,Litueche,ADM3
187,313.24603271484375,176.137939453125,5114.80175781,5095.27392578,,187,187,CHL,CHL-ADM3-31136180B17312444,Navidad,ADM3
188,2604.86669921875,3078.90673828125,76376.828125,89663.875,,188,188,CHL,CHL-ADM3-31136180B5589299,Quinta Normal,ADM3
189,4533.78857421875,3787.075439453125,102431.5625,118065.421875,,189,189,CHL,CHL-ADM3-31136180B11813815,Recoleta,ADM3
190,1142.4029541015625,1022.9056396484375,11635.4609375,9805.23632812,,190,190,CHL,CHL-ADM3-31136180B93622656,Santo Domingo,ADM3
191,5313.19091796875,4399.869140625,106946.617188,93795.40625,,191,191,CHL,CHL-ADM3-31136180B27610562,San Antonio,ADM3
192,1477.957763671875,1065.76806640625,17408.4707031,11241.7402344,,192,192,CHL,CHL-ADM3-31136180B6496910,El Tabo,ADM3
193,1669.1322021484375,1292.70166015625,21900.4570312,14315.2636719,,193,193,CHL,CHL-ADM3-31136180B16712764,El Quisco,ADM3
194,600.2112426757812,685.4338989257812,4806.01171875,4816.72949219,,194,194,CHL,CHL-ADM3-31136180B32348512,Alto del Carmen,ADM3
195,2192.96337890625,1249.849365234375,52835.1015625,51503.59375,,195,195,CHL,CHL-ADM3-31136180B90232557,San Carlos,ADM3
196,2182.44775390625,1185.7852783203125,56386.078125,52452.3203125,,196,196,CHL,CHL-ADM3-31136180B87502533,Tomé,ADM3
197,1586.087158203125,1193.3106689453125,18687.8105469,12478.3671875,,197,197,CHL,CHL-ADM3-31136180B1832494,Algarrobo,ADM3
198,2171.498779296875,1650.087158203125,41466.2734375,31253.8476562,,198,198,CHL,CHL-ADM3-31136180B673491,Casablanca,ADM3
199,9809.423828125,9594.3017578125,257803.8125,260089.9375,,199,199,CHL,CHL-ADM3-31136180B61981707,Valparaíso,ADM3
200,6631.560546875,5789.685546875,134927.609375,135180.0,,200,200,CHL,CHL-ADM3-31136180B82430755,Renca,ADM3
201,10685.1650390625,11887.529296875,293017.9375,284685.59375,,201,201,CHL,CHL-ADM3-31136180B41126831,Viña del Mar,ADM3
202,3414.802978515625,2894.982666015625,100149.015625,57489.6132812,,202,202,CHL,CHL-ADM3-31136180B32112960,Concón,ADM3
203,1592.214599609375,1454.8388671875,31376.6796875,25273.3574219,,203,203,CHL,CHL-ADM3-31136180B55226100,Quintero,ADM3
204,1788.38916015625,1669.8536376953125,19369.4101562,15665.2431641,,204,204,CHL,CHL-ADM3-31136180B86784180,Puchuncaví,ADM3
205,1277.9276123046875,901.5067138671875,38063.8203125,32528.015625,,205,205,CHL,CHL-ADM3-31136180B60503276,El Monte,ADM3
206,894.7478637695312,687.8421630859375,8554.79785156,6652.10791016,,206,206,CHL,CHL-ADM3-31136180B63743634,Zapallar,ADM3
207,441.44146728515625,370.3039245605469,6494.95019531,5447.10839844,,207,207,CHL,CHL-ADM3-31136180B36251745,Papudo,ADM3
208,1664.605712890625,1746.1666259765625,44562.1914062,37958.8984375,,208,208,CHL,CHL-ADM3-31136180B86371121,La Ligua,ADM3
209,1764.214599609375,1621.3035888671875,18595.0683594,17078.0371094,,209,209,CHL,CHL-ADM3-31136180B68247998,Los Vilos,ADM3
210,554.4115600585938,469.4500732421875,7605.22949219,8307.50390625,,210,210,CHL,CHL-ADM3-31136180B39894743,Canela,ADM3
211,7299.19482421875,5017.9384765625,129761.8125,114423.921875,,211,211,CHL,CHL-ADM3-31136180B68574209,Ovalle,ADM3
212,8940.9990234375,9153.11328125,274991.6875,211472.265625,,212,212,CHL,CHL-ADM3-31136180B63037195,Coquimbo,ADM3
213,10083.23046875,9754.474609375,289844.0,221535.125,,213,213,CHL,CHL-ADM3-31136180B45101694,La Serena,ADM3
214,619.0872802734375,491.8333435058594,6127.29296875,5932.28222656,,214,214,CHL,CHL-ADM3-31136180B9420429,Freirina,ADM3
215,947.2894287109375,738.7757568359375,7289.66796875,7303.52441406,,215,215,CHL,CHL-ADM3-31136180B69575705,Huasco,ADM3
216,9986.72705078125,7339.945251464844,211100.295898,169401.682617,,216,216,CHL,CHL-ADM3-31136180B9975353,Copiapó,ADM3
217,1500.1390266418457,1365.523681640625,15747.0351562,14367.6230469,,217,217,CHL,CHL-ADM3-31136180B52032318,Caldera,ADM3
218,383.0665063858032,244.19799995422363,4453.15039062,3534.07226562,,218,218,CHL,CHL-ADM3-31136180B4065501,Huara,ADM3
219,181.96127319335938,16.707609176635742,2413.43041992,1837.99499512,,219,219,CHL,CHL-ADM3-31136180B97301220,Camarones,ADM3
220,104.90789794921875,29.146211624145508,6531.00341797,7415.22070312,,220,220,CHL,CHL-ADM3-31136180B64880471,San Juan de la Costa,ADM3
221,6159.3095703125,4670.8095703125,168529.25,172409.125,,221,221,CHL,CHL-ADM3-31136180B68036932,Arica,ADM3
222,1805.608642578125,982.9290771484375,18712.640625,18397.46875,,222,222,CHL,CHL-ADM3-31136180B45841113,Mariquina,ADM3
223,4539.0419921875,1840.73095703125,50375.1445312,42158.7265625,,223,223,CHL,CHL-ADM3-31136180B80512469,Arauco,ADM3
224,1075.1859130859375,1076.303466796875,16329.5185547,18192.2382812,,224,224,CHL,CHL-ADM3-31136180B71776712,Tocopilla,ADM3
225,3814.3271484375,2390.1064453125,74909.7890625,56252.109375,,225,225,CHL,CHL-ADM3-31136180B51853331,Padre Hurtado,ADM3
226,3429.74365234375,3969.584228515625,113916.25,89749.296875,,226,226,CHL,CHL-ADM3-31136180B41412141,Peñaflor,ADM3
227,22744.07085800171,20643.19011491537,459480.224609,372620.219971,,227,227,CHL,CHL-ADM3-31136180B17262903,Antofagasta,ADM3
228,3034.62939453125,2361.9951171875,13643.0419922,10525.0400391,,228,228,CHL,CHL-ADM3-31136180B88609055,Mejillones,ADM3
229,1590.3821487426758,1341.6234130859375,9904.40429688,10226.2646484,,229,229,CHL,CHL-ADM3-31136180B74958366,Taltal,ADM3
230,1204.6056632995605,911.1526184082031,11609.6894531,12221.1582031,,230,230,CHL,CHL-ADM3-31136180B92019786,Chañaral,ADM3
231,1223.3306884765625,1049.3255615234375,44804.21875,43161.1992188,,231,231,CHL,CHL-ADM3-31136180B41373736,Cauquenes,ADM3
232,21.905437469482422,19.63882827758789,973.845645666,735.224636316,,232,232,CHL,CHL-ADM3-31136180B69494023,Juan Fernández,ADM3
233,167.86416625976562,95.47348022460938,6122.02539062,4715.21923828,,233,233,CHL,CHL-ADM3-31136180B85582553,Isla de Pascua,ADM3
234,131.6368840932846,48.075531005859375,3172.4914875,2719.6090765,,234,234,CHL,CHL-ADM3-31136180B27290658,Cabo de Hornos,ADM3
235,4342.0244140625,2870.68359375,102266.265625,80160.328125,,235,235,CHL,CHL-ADM3-31136180B61213199,Talagante,ADM3
236,17.928466796875,10.515397071838379,1651.81787109,910.217590332,,236,236,CHL,CHL-ADM3-31136180B40438902,Timaukel,ADM3
237,55.44070053100586,11.206608772277832,1737.36730957,1550.30651855,,237,237,CHL,CHL-ADM3-31136180B8010566,Guaitecas,ADM3
238,4711.7392578125,3485.915771484375,121353.804688,95168.7578125,,238,238,CHL,CHL-ADM3-31136180B51564749,Alto Hospicio,ADM3
239,11226.11212015152,9661.70849609375,6263.09228516,4131.30078125,,239,239,CHL,CHL-ADM3-31136180B82994788,Sierra Gorda,ADM3
240,724.7174682617188,661.989990234375,11071.9375,12077.65625,,240,240,CHL,CHL-ADM3-31136180B1870724,Combarbalá,ADM3
241,686.0599365234375,664.71435546875,11587.9599609,10661.8496094,,241,241,CHL,CHL-ADM3-31136180B93380977,Punitaqui,ADM3
242,169.93809509277344,170.7373046875,5279.12207031,4931.90966797,,242,242,CHL,CHL-ADM3-31136180B70186546,Paihuano,ADM3
243,1785.0533447265625,1223.2271728515625,32688.3789062,31564.6132812,,243,243,CHL,CHL-ADM3-31136180B67775223,Illapel,ADM3
244,2524.982177734375,2112.37353515625,55314.765625,47758.5898438,,244,244,CHL,CHL-ADM3-31136180B47898861,Limache,ADM3
245,3760.72900390625,3197.665771484375,103897.289062,90514.0625,,245,245,CHL,CHL-ADM3-31136180B9106864,Quillota,ADM3
246,1066.523338317871,522.1318256855011,31655.697937,26705.4931946,,246,246,CHL,CHL-ADM3-31136180B6407382,Aysén,ADM3
247,1503.844482421875,1333.3057861328125,56694.359375,51749.59375,,247,247,CHL,CHL-ADM3-31136180B32144498,Calera,ADM3
248,1763.7003173828125,1278.841796875,34153.6015625,28726.0625,,248,248,CHL,CHL-ADM3-31136180B20577557,Nogales,ADM3
249,1257.283935546875,758.1953125,15117.0292969,13730.8574219,,249,249,CHL,CHL-ADM3-31136180B20220017,Calle Larga,ADM3
250,551.7603759765625,366.05706787109375,5482.34912109,4884.43212891,,250,250,CHL,CHL-ADM3-31136180B10171774,La Estrella,ADM3
251,4507.126953125,2639.0810546875,87348.84375,68064.0546875,,251,251,CHL,CHL-ADM3-31136180B20285971,Paine,ADM3
252,1111.44189453125,495.1187438964844,34959.28125,30077.8730469,,252,252,CHL,CHL-ADM3-31136180B118034,Calbuco,ADM3
253,204.4177656173706,98.39319705963135,6666.72851562,6746.11132812,,253,253,CHL,CHL-ADM3-31136180B60482324,Chaitén,ADM3
254,125.44689178466797,113.71240234375,4021.63574219,4431.00195312,,254,254,CHL,CHL-ADM3-31136180B1612172,Corral,ADM3
255,7036.05078125,4699.29150390625,173358.0625,152793.03125,,255,255,CHL,CHL-ADM3-31136180B52195734,Valdivia,ADM3
256,6120.77490234375,4914.60791015625,215956.90625,170944.625,,256,256,CHL,CHL-ADM3-31136180B34053824,Iquique,ADM3
257,827.7933959960938,312.51055908203125,4101.00488281,3900.12133789,,257,257,CHL,CHL-ADM3-31136180B84728825,La Higuera,ADM3
258,365.6546630859375,222.80921936035156,15746.4902344,16228.6240234,,258,258,CHL,CHL-ADM3-31136180B35206702,Los Muermos,ADM3
259,448.36358642578125,244.9945068359375,10981.6953125,12075.0292969,,259,259,CHL,CHL-ADM3-31136180B66996541,Maullín,ADM3
260,196.26199340820312,84.4670639038086,7720.13183594,7657.98925781,,260,260,CHL,CHL-ADM3-31136180B31258441,Quinchao,ADM3
261,151.71226501464844,112.23696899414062,4259.16015625,3655.41748047,,261,261,CHL,CHL-ADM3-31136180B23845697,Curaco de Vélez,ADM3
262,200.10377502441406,86.31685638427734,4699.70361328,4997.43652344,,262,262,CHL,CHL-ADM3-31136180B61410204,Treguaco,ADM3
263,1135.4017333984375,1000.4324340820312,4301.55615234,4910.40917969,,263,263,CHL,CHL-ADM3-31136180B95065659,Ranquil,ADM3
264,177.29917907714844,100.09867858886719,4568.85449219,4956.15820312,,264,264,CHL,CHL-ADM3-31136180B61944333,Portezuelo,ADM3
265,213.77407836914062,129.19134521484375,4197.76367188,4747.08789062,,265,265,CHL,CHL-ADM3-31136180B45430556,Cobquecura,ADM3
266,491.3152770996094,411.2518005371094,12440.921875,11976.8154297,,266,266,CHL,CHL-ADM3-31136180B77694356,Quirihue,ADM3
267,450.80926513671875,298.10662841796875,14248.8359375,14989.5332031,,267,267,CHL,CHL-ADM3-31136180B50962610,Coelemu,ADM3
268,192.1407012939453,102.1186294555664,4659.12841797,5070.04541016,,268,268,CHL,CHL-ADM3-31136180B12577265,Ninhue,ADM3
269,1376.0616455078125,882.486572265625,24020.796875,20377.1699219,,269,269,CHL,CHL-ADM3-31136180B4768819,Doñihue,ADM3
270,1314.8529052734375,761.7174072265625,17865.1230469,15536.7695312,,270,270,CHL,CHL-ADM3-31136180B91027699,Olivar,ADM3
271,2058.3662109375,1101.48388671875,40879.1875,33319.609375,,271,271,CHL,CHL-ADM3-31136180B75267449,Isla de Maipo,ADM3
272,5563.1884765625,2756.548828125,89097.390625,76790.21875,,272,272,CHL,CHL-ADM3-31136180B84026940,Buin,ADM3
273,3352.955810546875,2717.465087890625,73026.5625,62017.40625,,273,273,CHL,CHL-ADM3-31136180B64008452,Rengo,ADM3
274,2343.2001953125,1267.1385498046875,41590.5664062,37096.1289062,,274,274,CHL,CHL-ADM3-31136180B59701989,Santa Cruz,ADM3
275,850.286376953125,430.02252197265625,12637.6699219,12095.4912109,,275,275,CHL,CHL-ADM3-31136180B10105215,Palmilla,ADM3
276,657.0013427734375,374.6508483886719,13591.7724609,13208.1669922,,276,276,CHL,CHL-ADM3-31136180B38650652,Río Claro,ADM3
277,284.40704345703125,163.7217559814453,6804.15136719,6937.37109375,,277,277,CHL,CHL-ADM3-31136180B20323642,Pelarco,ADM3
278,2147.895263671875,1865.8997802734375,44081.3398438,41200.8828125,,278,278,CHL,CHL-ADM3-31136180B55613307,San Javier,ADM3
279,965.8800048828125,624.7205200195312,15072.4042969,14877.6181641,,279,279,CHL,CHL-ADM3-31136180B23270172,Villa Alegre,ADM3
280,1070.7047119140625,500.2264709472656,17931.4335938,16871.046875,,280,280,CHL,CHL-ADM3-31136180B33024653,Yerbas Buenas,ADM3
281,2247.98486328125,1233.0321044921875,29881.0839844,23906.6621094,,281,281,CHL,CHL-ADM3-31136180B6556412,Maule,ADM3
282,805.5443115234375,414.4610595703125,9684.58496094,8699.68164062,,282,282,CHL,CHL-ADM3-31136180B21232874,San Rafael,ADM3
283,486.4366149902344,432.1509704589844,19040.4707031,15171.3984375,,283,283,CHL,CHL-ADM3-31136180B56249766,Santa Bárbara,ADM3
284,2932.86181640625,1755.496337890625,75613.1953125,60394.796875,,284,284,CHL,CHL-ADM3-31136180B10315457,Villarrica,ADM3
285,1439.5450439453125,1016.46923828125,50478.1445312,34167.5859375,,285,285,CHL,CHL-ADM3-31136180B69297611,Pucón,ADM3
286,3373.41796875,2105.513671875,107729.984375,84080.53125,,286,286,CHL,CHL-ADM3-31136180B65631590,Padre Las Casas,ADM3
287,313.3892822265625,150.87164306640625,8603.69921875,9313.953125,,287,287,CHL,CHL-ADM3-31136180B2787503,Puerto Octay,ADM3
288,818.8258056640625,614.1582641601562,21568.9492188,18662.0585938,,288,288,CHL,CHL-ADM3-31136180B7110076,Frutillar,ADM3
289,1068.278564453125,570.7940063476562,22528.8730469,18493.0898438,,289,289,CHL,CHL-ADM3-31136180B45579929,La Cruz,ADM3
290,1255.11865234375,921.614013671875,20094.6699219,19011.0039062,,290,290,CHL,CHL-ADM3-31136180B17494815,Sagrada Familia,ADM3
291,855.338623046875,600.4022216796875,16642.03125,17480.1640625,,291,291,CHL,CHL-ADM3-31136180B33641807,Retiro,ADM3
292,845.9046020507812,558.689208984375,13005.1914062,12251.8320312,,292,292,CHL,CHL-ADM3-31136180B18571503,Quinta de Tilcoco,ADM3
293,69.72528839111328,17.65782356262207,1345.93041992,1257.15710449,,293,293,CHL,CHL-ADM3-31136180B48061488,General Lagos,ADM3
294,2593.134827852249,2981.3697242736816,17917.0703125,10142.3408203,,294,294,CHL,CHL-ADM3-31136180B31386548,San Pedro de Atacama,ADM3
295,4521.886871337891,4043.1467895507812,16174.2373047,14789.1015625,,295,295,CHL,CHL-ADM3-31136180B95255470,Tierra Amarilla,ADM3
296,1362.5479736328125,671.8096923828125,20650.0234375,17691.2128906,,296,296,CHL,CHL-ADM3-31136180B65831304,Putaendo,ADM3
297,1559.8822021484375,1103.7210693359375,34462.59375,32543.8183594,,297,297,CHL,CHL-ADM3-31136180B35223985,Monte Patria,ADM3
298,304.1827697753906,268.4579772949219,4059.28637695,4365.44921875,,298,298,CHL,CHL-ADM3-31136180B30237415,Río Hurtado,ADM3
299,3261.726806640625,2229.419677734375,27173.5839844,25911.328125,,299,299,CHL,CHL-ADM3-31136180B1096311,Salamanca,ADM3
300,1410.168212890625,1039.4564208984375,24583.3847656,20039.8964844,,300,300,CHL,CHL-ADM3-31136180B24395096,San Esteban,ADM3
301,5785.416015625,3812.04296875,89237.03125,73224.1484375,,301,301,CHL,CHL-ADM3-31136180B11723264,Los Andes,ADM3
302,2537.9404296875,793.7398071289062,17633.1367188,15631.6191406,,302,302,CHL,CHL-ADM3-31136180B52024111,San José de Maipo,ADM3
303,6431.11328125,5426.23974609375,166098.234375,142910.03125,,303,303,CHL,CHL-ADM3-31136180B37807523,Curicó,ADM3
304,7401.8955078125,4825.859375,46319.0859375,38009.7695312,,304,304,CHL,CHL-ADM3-31136180B49811446,Machalí,ADM3
305,3092.772216796875,2516.181884765625,47726.5507812,43396.3867188,,305,305,CHL,CHL-ADM3-31136180B80385193,Molina,ADM3
306,1000.3231201171875,736.4802856445312,19921.6445312,18984.1074219,,306,306,CHL,CHL-ADM3-31136180B84803036,Colbún,ADM3
307,2177.3506469726562,735.308931350708,41488.8945312,39462.171875,,307,307,CHL,CHL-ADM3-31136180B16270297,San Clemente,ADM3
308,155.88442993164062,96.13414764404297,5217.10498047,5398.83105469,,308,308,CHL,CHL-ADM3-31136180B95471842,Melipeuco,ADM3
309,319.9509582519531,141.16033935546875,8906.44238281,9401.58691406,,309,309,CHL,CHL-ADM3-31136180B66391641,Lago Ranco,ADM3
310,517.16357421875,241.05459594726562,16853.875,15965.9824219,,310,310,CHL,CHL-ADM3-31136180B51272327,Futrono,ADM3
311,3968.608465194702,1655.443645954132,50158.0820312,41199.953125,,311,311,CHL,CHL-ADM3-31136180B75153342,Puerto Varas,ADM3
312,257.0419921875,132.7914581298828,7933.04443359,7880.46142578,,312,312,CHL,CHL-ADM3-31136180B25949425,Hualaihué,ADM3
313,77.75277709960938,43.538352966308594,1638.8717041,1685.41308594,,313,313,CHL,CHL-ADM3-31136180B5265440,Palena,ADM3
314,168.67202758789062,89.24536895751953,2016.10754395,2017.36865234,,314,314,CHL,CHL-ADM3-31136180B89884214,Futaleufú,ADM3
315,137.3985595703125,17.419139862060547,201.397247314,245.234909058,,315,315,CHL,CHL-ADM3-31136180B40712039,Ollagüe,ADM3
316,4833.449028015137,3477.2666301727295,58423.5546875,21545.2988281,,316,316,CHL,CHL-ADM3-31136180B10346676,Pica,ADM3
317,3937.281463623047,2221.29505443573,7208.64794922,10964.1982422,,317,317,CHL,CHL-ADM3-31136180B10673940,Diego de Almagro,ADM3
318,4465.955078125,3127.821563720703,45300.2734375,46407.8320312,,318,318,CHL,CHL-ADM3-31136180B89699953,Vallenar,ADM3
319,1725.7579231262207,1222.2600412368774,29435.0703125,26653.3769531,,319,319,CHL,CHL-ADM3-31136180B73699634,Vicuña,ADM3
320,2135.93115234375,1511.97412109375,18572.3085938,16778.2265625,,320,320,CHL,CHL-ADM3-31136180B78247313,Tiltil,ADM3
321,1195.384521484375,778.7077026367188,23248.3183594,19778.7421875,,321,321,CHL,CHL-ADM3-31136180B78228736,Hijuelas,ADM3
322,4642.21630859375,6428.6962890625,204540.328125,166893.640625,,322,322,CHL,CHL-ADM3-31136180B57754670,Quilpué,ADM3
323,4996.70068359375,3695.980224609375,124380.375,110168.820312,,323,323,CHL,CHL-ADM3-31136180B31895305,Melipilla,ADM3
324,1967.357421875,954.05126953125,27765.5078125,24114.8359375,,324,324,CHL,CHL-ADM3-31136180B56930597,Las Cabras,ADM3
325,1719.517578125,623.4595336914062,8794.7734375,8229.12890625,,325,325,CHL,CHL-ADM3-31136180B47678864,San Pedro,ADM3
326,1019.7911376953125,476.40338134765625,5076.67480469,4808.328125,,326,326,CHL,CHL-ADM3-31136180B49937959,Alhué,ADM3
327,2800.5576171875,1508.83935546875,37525.0078125,35148.4609375,,327,327,CHL,CHL-ADM3-31136180B15441727,Chimbarongo,ADM3
328,558.6732788085938,239.114501953125,7099.00634766,6667.32324219,,328,328,CHL,CHL-ADM3-31136180B31059143,Lolol,ADM3
329,535.5963745117188,325.2840576171875,10755.8173828,10184.4707031,,329,329,CHL,CHL-ADM3-31136180B74534187,Hualañé,ADM3
330,754.54052734375,567.4439697265625,11019.0693359,9917.66699219,,330,330,CHL,CHL-ADM3-31136180B91065456,Rauco,ADM3
331,733.366943359375,306.46722412109375,13811.8095703,13759.390625,,331,331,CHL,CHL-ADM3-31136180B93890527,Chépica,ADM3
332,3133.70263671875,2131.947021484375,30800.953125,28362.9648438,,332,332,CHL,CHL-ADM3-31136180B92470011,Teno,ADM3
333,1523.5684814453125,793.1044921875,18555.5273438,16145.7939453,,333,333,CHL,CHL-ADM3-31136180B51199857,Romeral,ADM3
334,4545.68798828125,3175.18603515625,84848.9765625,74662.2578125,,334,334,CHL,CHL-ADM3-31136180B51697423,San Fernando,ADM3
335,1587.60107421875,1085.802490234375,37725.9648438,37698.5742188,,335,335,CHL,CHL-ADM3-31136180B60705089,Parral,ADM3
336,395.69525146484375,249.4823760986328,12405.5498047,11227.9355469,,336,336,CHL,CHL-ADM3-31136180B41148781,Pinto,ADM3
337,542.1004028320312,285.71234130859375,15231.3886719,15610.7011719,,337,337,CHL,CHL-ADM3-31136180B80727531,San Ignacio,ADM3
338,648.1802978515625,466.86102294921875,9593.51855469,9283.98632812,,338,338,CHL,CHL-ADM3-31136180B27210815,Pemuco,ADM3
339,382.3066711425781,184.742919921875,10615.5380859,10253.0449219,,339,339,CHL,CHL-ADM3-31136180B61808571,San Nicolás,ADM3
340,214.1669464111328,88.9129638671875,3327.62255859,3507.02661133,,340,340,CHL,CHL-ADM3-31136180B65273683,San Fabián,ADM3
341,245.9310760498047,212.2617950439453,8373.06835938,9652.23632812,,341,341,CHL,CHL-ADM3-31136180B79838723,Ñiquén,ADM3
342,425.19195556640625,222.4368133544922,10393.9199219,11328.7939453,,342,342,CHL,CHL-ADM3-31136180B33710496,El Carmen,ADM3
343,1206.282470703125,460.2239074707031,26609.890625,25247.2382812,,343,343,CHL,CHL-ADM3-31136180B37662101,Coihueco,ADM3
344,4658.4880084991455,3221.2598819732666,28894.4042969,18759.3945312,,344,344,CHL,CHL-ADM3-31136180B86661872,Tocopilla,ADM3
